[
	{
		"constant": false,
		"inputs": [],
		"name": "count",
		"outputs": [
			{
				"name": "",
				"type": "uint256"
			}
		],
		"payable": false,
		"stateMutability": "nonpayable",
		"type": "function"
	},
	{
		"constant": false,
		"inputs": [
			{
				"name": "id",
				"type": "uint256"
			},
			{
				"name": "text",
				"type": "string"
			}
		],
		"name": "new_contract",
		"outputs": [
			{
				"name": "",
				"type": "int256"
			}
		],
		"payable": false,
		"stateMutability": "nonpayable",
		"type": "function"
	},
	{
		"constant": false,
		"inputs": [
			{
				"name": "id",
				"type": "uint256"
			}
		],
		"name": "read",
		"outputs": [
			{
				"name": "",
				"type": "string"
			}
		],
		"payable": false,
		"stateMutability": "nonpayable",
		"type": "function"
	},
	{
		"constant": true,
		"inputs": [
			{
				"name": "",
				"type": "uint256"
			}
		],
		"name": "contracts",
		"outputs": [
			{
				"name": "id",
				"type": "uint256"
			},
			{
				"name": "text",
				"type": "string"
			}
		],
		"payable": false,
		"stateMutability": "view",
		"type": "function"
	}
]
